[
	{"key":"Dokument1", "value":99},
	{"key":"Report: Average American Consuming 4 Ounces Of Cheese Right Now", "value":78},
	{"key":"Colorado Legalizes Medicinal Fireworks", "value":77},
	{"key":"15-Second Meals", "value":64},
	{"key":"Statshot: Why Aren't We Going To Prom?", "value":35},
	{"key":"Report: U.S. Still Leads World With Highest Density Of Kevins", "value":33},
	{"key":"Xylophonist Shredding It", "value":29},
	{"key":"Man Has Story For Every Stain On Pants", "value":28},
	{"key":"Music Playing In Bar Could Stand To Be Louder, Worse", "value":25},
	{"key":"Grandfathers Accidentally Switched At Hospital", "value":21},
	{"key":"Visit Home Referred To As Vacation By Parents", "value":19},
	{"key":"Area Man Cleans Apartment Once Every Relationship", "value":18},
	{"key":"Horoscopes", "value":15},
	{"key":"White Male Privilege Squandered On Job At Best Buy", "value":14},
	{"key":"Something Happens in Ukraine", "value":11}
]
